Point3DID	X	Y	Z
1	-0.005	0.001	0.12
2	-0.026	0.001	0.116
3	-0.029	0.026	0.11
4	-0.049	0.018	0.101
5	-0.064	0.024	0.085
6	-0.076	0.024	0.068
7	-0.082	0.024	0.049
8	-0.083	0.022	0.029
9	-0.08	0.021	0.011
10	-0.077	0.019	-0.007
11	-0.082	0	-0.005
12	-0.084	0	0.011
13	-0.087	0	0.03
14	-0.087	0	0.047
15	-0.083	0	0.064
16	-0.073	0.001	0.081
17	-0.06	0	0.096
18	-0.045	0.001	0.108
19	-0.027	-0.025	0.112
20	-0.05	-0.017	0.102
21	-0.065	-0.023	0.086
22	-0.077	-0.023	0.069
23	-0.083	-0.023	0.05
24	-0.083	-0.022	0.029
25	-0.081	-0.02	0.01
26	-0.078	-0.02	-0.007
27	-0.065	-0.038	-0.009
28	-0.07	-0.04	0.008
29	-0.071	-0.042	0.029
30	-0.07	-0.042	0.049
31	-0.064	-0.042	0.067
32	-0.052	-0.043	0.084
33	-0.05	-0.053	0.062
34	-0.054	-0.055	0.042
35	-0.053	-0.057	0.022
36	-0.049	-0.054	0.004
37	-0.045	-0.051	-0.014
38	-0.026	-0.065	0.021
39	-0.026	-0.064	0.042
40	-0.029	-0.061	0.061
41	-0.033	-0.056	0.079
42	-0.035	-0.045	0.095
43	-0.014	-0.047	0.101
44	-0.007	-0.058	0.086
45	-0.003	-0.064	0.068
46	0	-0.067	0.05
47	0.006	-0.067	0.032
48	0.01	-0.064	0.014
49	0.012	-0.061	-0.003
50	0.039	-0.06	0.01
51	0.037	-0.062	0.028
52	0.032	-0.063	0.047
53	0.028	-0.062	0.066
54	0.023	-0.056	0.084
55	0.007	-0.045	0.103
56	0.029	-0.043	0.098
57	0.048	-0.054	0.072
58	0.059	-0.056	0.054
59	0.063	-0.055	0.036
60	0.064	-0.054	0.018
61	0.086	-0.042	0.044
62	0.08	-0.042	0.062
63	0.066	-0.043	0.077
64	0.051	-0.042	0.09
65	0.089	-0.041	0.027
66	0.103	-0.022	0.032
67	0.101	-0.024	0.05
68	0.092	-0.024	0.07
69	0.077	-0.024	0.086
70	0.06	-0.023	0.099
71	0.038	-0.024	0.108
72	0.016	-0.025	0.114
73	-0.006	-0.026	0.116
74	0.016	-0.001	0.12
75	0.036	-0.001	0.114
76	0.056	0	0.106
77	0.074	0	0.095
78	0.089	0	0.083
79	0.101	0.001	0.068
80	0.107	0.001	0.05
81	0.107	0.001	0.032
82	0.102	0.023	0.033
83	0.101	0.023	0.053
84	0.092	0.023	0.071
85	0.077	0.023	0.087
86	0.059	0.023	0.1
87	0.038	0.022	0.109
88	0.016	0.024	0.114
89	-0.008	0.025	0.116
90	0.008	0.045	0.102
91	0.03	0.043	0.098
92	0.05	0.042	0.09
93	0.067	0.042	0.078
94	0.08	0.042	0.062
95	0.087	0.042	0.045
96	0.089	0.042	0.028
97	0.065	0.053	0.02
98	0.063	0.055	0.038
99	0.059	0.054	0.056
100	0.049	0.053	0.073
101	0.023	0.056	0.084
102	0.029	0.062	0.066
103	0.033	0.063	0.047
104	0.036	0.062	0.028
105	0.039	0.06	0.01
106	0.012	0.061	-0.005
107	0.01	0.064	0.013
108	0.006	0.067	0.032
109	0	0.067	0.05
110	-0.003	0.064	0.069
111	-0.006	0.058	0.086
112	-0.014	0.046	0.1
113	-0.035	0.046	0.093
114	-0.032	0.056	0.077
115	-0.029	0.062	0.059
116	-0.027	0.064	0.041
117	-0.026	0.064	0.022
118	-0.045	0.051	-0.013
119	-0.049	0.054	0.004
120	-0.051	0.056	0.023
121	-0.053	0.054	0.042
122	-0.049	0.053	0.062
123	-0.052	0.044	0.082
124	-0.063	0.042	0.066
125	-0.069	0.041	0.047
126	-0.07	0.04	0.028
127	-0.069	0.038	0.009
128	-0.065	0.036	-0.008
256	6.606999874114992	6.302000045776365	-2.9419999122619624
257	6.04099988937378	7.658999919891357	0.3510000109672546
258	4.410999774932863	8.71500015258789	3.5020000934600826
259	3.2750000953674316	8.156999588012695	5.696000099182128
260	1.6890000104904208	6.492000102996825	7.7769999504089355
261	0.0000000000000010644630454697787	4.3460001945495605	9.008000373840332
262	-1.3969999551773065	1.77999997138977	9.635000228881838
263	4.818999767303469	9.13099956512451	-1.5470000505447385
264	3.0769999027252233	10.14200019836426	1.2419999837875366
265	2.089999914169313	9.942000389099121	3.638000011444092
266	0.0000000000000022264079182231423	9.09000015258789	5.758999824523926
267	-1.6890000104904193	6.492000102996824	7.7769999504089355
268	-2.780999898910523	3.7149999141693124	8.685999870300295
269	1.450000047683717	10.821000099182129	-1.0809999704360964
270	0.0000000000000025408970798318047	10.373999595642092	1.5219999551773071
271	0.000000000000002537713112142447	10.361000061035156	3.5450000762939453
272	0.000000000000002592087459923193	10.583000183105469	-2.5250000953674316
273	-2.0899999141693084	9.942000389099121	3.638000011444092
274	-3.275000095367431	8.156999588012695	5.696000099182128
275	-4.367000102996827	5.847000122070313	6.783999919891357
276	-1.450000047683714	10.821000099182129	-1.0809999704360964
277	-3.0769999027252184	10.14200019836426	1.2419999837875366
278	-4.410999774932862	8.715000152587889	3.5020000934600826
279	-5.09100008010864	6.873000144958498	4.982999801635743
280	-4.818999767303469	9.13099956512451	-1.5470000505447385
281	-6.040999889373777	7.658999919891359	0.3510000109672546
282	-6.486999988555906	6.22499990463257	3.2379999160766606
283	-6.331999778747555	4.745999813079838	5.2829999923706055
284	-5.435999870300292	3.079999923706052	7.189000129699708
285	-4.2189998626708975	1.0959999561309828	8.706999778747559
286	-2.23200011253357	-0.781000018119811	9.777000427246094
287	-6.606999874114988	6.302000045776368	-2.9419999122619624
288	-7.304999828338622	4.710999965667726	-0.4070000052452088
289	-7.789999961853027	3.3889999389648446	2.7739999294281
290	-7.322000026702882	1.700999975204466	5.413000106811525
291	-6.255000114440916	0.3249999880790735	7.287000179290771
292	-4.462999820709231	-1.7339999675750704	8.86299991607666
293	-7.4780001640319815	4.123000144958496	-3.8280000686645503
294	-8.210000038146973	0.9700000286102319	-1.0080000162124634
295	-8.437999725341795	0.037000000476837006	2.4470000267028804
296	-7.881999969482421	-0.9139999747276301	5.250999927520753
297	-6.798999786376954	-2.6700000762939426	6.853000164031983
298	-7.441999912261963	2.759000062942505	-5.997000217437745
299	-7.809000015258789	1.4589999914169327	-4.059000015258789
300	-8.33899974822998	-2.130000114440915	-0.7179999947547913
301	-8.347999572753904	-2.624000072479251	2.723000049591064
302	-7.690999984741211	-3.4379999637603746	4.769999980926514
303	-6.7750000953674325	2.5420000553131112	-9.057000160217285
304	-7.190000057220459	0.47600001096725436	-6.927999973297121
305	-7.742000102996828	-4.592999935150146	-0.26499998569488525
306	-7.486000061035157	-5.328000068664548	3.138999938964844
307	-6.6570000648498535	-5.13100004196167	5.6570000648498535
308	-4.787000179290772	-4.607999801635743	7.9710001945495605
309	-2.592000007629395	-3.898000001907348	9.366000175476074
310	-2.989362818032061e-16	-2.4409999847412105	10.036000251770021
311	-7.048999786376953	-2.805999994277954	-6.43499994277954
312	-7.512000083923341	-4.269000053405761	-3.414000034332276
313	-6.888999938964845	-6.570000171661375	0.05900000035762787
314	-5.940999984741214	-7.3489999771118155	3.407000064849854
315	-4.6999998092651385	-6.9200000762939435	6.125000000000001
316	-2.677000045776369	-6.256999969482422	8.057000160217285
317	-9.334258169385563e-16	-7.622000217437745	7.380000114440919
318	-6.087999820709228	-4.910999774932861	-6.4079999923706055
319	-6.169000148773194	-6.701000213623046	-3.3010001182556152
320	-5.302999973297123	-8.310999870300291	0.14900000393390658
321	-4.118999958038332	-8.75	3.572999954223633
322	-2.105999946594239	-8.395000457763672	5.9629998207092285
323	-4.321000099182133	-7.307000160217284	-6.005000114440917
324	-4.027999877929692	-8.67899990081787	-3.217000007629394
325	-3.1259999275207546	-9.826000213623045	0.27300000190734863
326	-1.60399997234345	-9.63199996948242	3.7409999370574947
327	-0.0000000000000010945892754419751	-8.937999725341797	5.350999832153319
328	-2.203000068664554	-8.557999610900879	-5.863999843597411
329	-1.284999966621402	-9.652000427246092	-3.005000114440918
330	-0.0000000000000012577123187842132	-10.270000457763672	0.5569999814033508
331	1.603999972343443	-9.63199996948242	3.7409999370574947
332	2.1059999465942396	-8.395000457763672	5.9629998207092285
333	2.6770000457763663	-6.256999969482424	8.057000160217285
334	2.5920000076293936	-3.898000001907348	9.366000175476074
335	2.2320001125335693	-0.7810000181198125	9.777000427246094
336	-0.00000000000000109863060894483	-8.970999717712402	-5.644999980926514
337	1.2849999666213978	-9.652000427246092	-3.005000114440918
338	3.1259999275207506	-9.826000213623045	0.27300000190734863
339	4.118999958038326	-8.750000000000002	3.572999954223633
340	4.699999809265135	-6.920000076293946	6.125000000000001
341	4.7870001792907715	-4.607999801635744	7.9710001945495605
342	4.462999820709229	-1.7339999675750748	8.86299991607666
343	2.2030000686645494	-8.557999610900879	-5.863999843597411
344	4.027999877929686	-8.678999900817871	-3.217000007629394
345	5.302999973297118	-8.310999870300297	0.14900000393390658
346	5.940999984741212	-7.348999977111816	3.407000064849854
347	6.657000064849852	-5.131000041961672	5.6570000648498535
348	6.798999786376952	-2.6700000762939458	6.853000164031983
349	4.321000099182127	-7.307000160217287	-6.005000114440917
350	6.169000148773193	-6.701000213623048	-3.3010001182556152
351	6.888999938964843	-6.570000171661377	0.05900000035762787
352	7.4860000610351545	-5.328000068664553	3.138999938964844
353	7.690999984741209	-3.4379999637603778	4.769999980926514
354	6.087999820709227	-4.910999774932862	-6.4079999923706055
355	7.51200008392334	-4.269000053405764	-3.414000034332276
356	7.742000102996826	-4.592999935150149	-0.26499998569488525
357	8.347999572753906	-2.62400007247925	2.723000049591064
358	7.881999969482421	-0.9139999747276321	5.250999927520753
359	6.255000114440916	0.3249999880790698	7.287000179290771
360	4.218999862670898	1.0959999561309808	8.706999778747559
361	1.396999955177307	1.7799999713897696	9.635000228881838
362	7.048999786376952	-2.805999994277955	-6.43499994277954
363	8.33899974822998	-2.1300001144409193	-0.7179999947547913
364	8.437999725341795	0.037000000476835604	2.4470000267028804
365	7.322000026702881	1.7009999752044664	5.413000106811525
366	5.435999870300293	3.079999923706053	7.189000129699708
367	2.780999898910524	3.714999914169312	8.685999870300295
368	7.190000057220459	0.4760000109672532	-6.927999973297121
369	7.809000015258789	1.4589999914169296	-4.059000015258789
370	8.210000038146973	0.970000028610228	-1.0080000162124634
371	7.789999961853028	3.3889999389648433	2.7739999294281
372	6.3319997787475595	4.745999813079833	5.2829999923706055
373	4.367000102996828	5.8470001220703125	6.783999919891357
374	6.775000095367434	2.542000055313109	-9.057000160217285
375	7.441999912261965	2.759000062942503	-5.997000217437745
376	7.478000164031983	4.123000144958493	-3.8280000686645503
377	7.304999828338624	4.710999965667723	-0.4070000052452088
378	6.486999988555909	6.224999904632567	3.2379999160766606
379	5.0910000801086435	6.873000144958494	4.982999801635743
380	6.984000205993654	5.1640000343322745	-5.032999992370605
381	4.272999763488771	7.590000152587891	-7.454999923706054
382	-4.272999763488768	7.5900001525878915	-7.454999923706054
383	-6.984000205993651	5.164000034332278	-5.032999992370605
384	6.220593659195134e-16	-1.1427045170294464e-31	10.159000396728516
385	6.341221093283397e-16	10.355999946594238	-2.6940000057220463
386	-6.711999893188477	0.046000000089403595	-3.7119998931884766
387	6.711999893188477	0.04600000008940697	-3.7119998931884766
388	6.302000045776365	-6.606999874114992	-2.9419999122619624
389	7.658999919891357	-6.04099988937378	0.3510000109672546
390	8.71500015258789	-4.410999774932863	3.5020000934600826
391	8.156999588012695	-3.2750000953674316	5.696000099182128
392	6.492000102996825	-1.6890000104904208	7.7769999504089355
393	4.3460001945495605	-0.0000000000000010644630454697787	9.008000373840332
394	1.77999997138977	1.3969999551773065	9.635000228881838
395	9.13099956512451	-4.818999767303469	-1.5470000505447385
396	10.14200019836426	-3.0769999027252233	1.2419999837875366
397	9.942000389099121	-2.089999914169313	3.638000011444092
398	9.09000015258789	-0.0000000000000022264079182231423	5.758999824523926
399	6.492000102996824	1.6890000104904193	7.7769999504089355
400	3.7149999141693124	2.780999898910523	8.685999870300295
401	10.821000099182129	-1.450000047683717	-1.0809999704360964
402	10.373999595642092	-0.0000000000000025408970798318047	1.5219999551773071
403	10.361000061035156	-0.000000000000002537713112142447	3.5450000762939453
404	10.583000183105469	-0.000000000000002592087459923193	-2.5250000953674316
405	9.942000389099121	2.0899999141693084	3.638000011444092
406	8.156999588012695	3.275000095367431	5.696000099182128
407	5.847000122070313	4.367000102996827	6.783999919891357
408	10.821000099182129	1.450000047683714	-1.0809999704360964
409	10.14200019836426	3.0769999027252184	1.2419999837875366
410	8.715000152587889	4.410999774932862	3.5020000934600826
411	6.873000144958498	5.09100008010864	4.982999801635743
412	9.13099956512451	4.818999767303469	-1.5470000505447385
413	7.658999919891359	6.040999889373777	0.3510000109672546
414	6.22499990463257	6.486999988555906	3.2379999160766606
415	4.745999813079838	6.331999778747555	5.2829999923706055
416	3.079999923706052	5.435999870300292	7.189000129699708
417	1.0959999561309828	4.2189998626708975	8.706999778747559
418	-0.781000018119811	2.23200011253357	9.777000427246094
419	6.302000045776368	6.606999874114988	-2.9419999122619624
420	4.710999965667726	7.304999828338622	-0.4070000052452088
421	3.3889999389648446	7.789999961853027	2.7739999294281
422	1.700999975204466	7.322000026702882	5.413000106811525
423	0.3249999880790735	6.255000114440916	7.287000179290771
424	-1.7339999675750704	4.462999820709231	8.86299991607666
425	4.123000144958496	7.4780001640319815	-3.8280000686645503
426	0.9700000286102319	8.210000038146973	-1.0080000162124634
427	0.037000000476837006	8.437999725341795	2.4470000267028804
428	-0.9139999747276301	7.881999969482421	5.250999927520753
429	-2.6700000762939426	6.798999786376954	6.853000164031983
430	2.759000062942505	7.441999912261963	-5.997000217437745
431	1.4589999914169327	7.809000015258789	-4.059000015258789
432	-2.130000114440915	8.33899974822998	-0.7179999947547913
433	-2.624000072479251	8.347999572753904	2.723000049591064
434	-3.4379999637603746	7.690999984741211	4.769999980926514
435	2.5420000553131112	6.7750000953674325	-9.057000160217285
436	0.47600001096725436	7.190000057220459	-6.927999973297121
437	-4.592999935150146	7.742000102996828	-0.26499998569488525
438	-5.328000068664548	7.486000061035157	3.138999938964844
439	-5.13100004196167	6.6570000648498535	5.6570000648498535
440	-4.607999801635743	4.787000179290772	7.9710001945495605
441	-3.898000001907348	2.592000007629395	9.366000175476074
442	-2.4409999847412105	2.989362818032061e-16	10.036000251770021
443	-2.805999994277954	7.048999786376953	-6.43499994277954
444	-4.269000053405761	7.512000083923341	-3.414000034332276
445	-6.570000171661375	6.888999938964845	0.05900000035762787
446	-7.3489999771118155	5.940999984741214	3.407000064849854
447	-6.9200000762939435	4.6999998092651385	6.125000000000001
448	-6.256999969482422	2.677000045776369	8.057000160217285
449	-7.622000217437745	9.334258169385563e-16	7.380000114440919
450	-4.910999774932861	6.087999820709228	-6.4079999923706055
451	-6.701000213623046	6.169000148773194	-3.3010001182556152
452	-8.310999870300291	5.302999973297123	0.14900000393390658
453	-8.75	4.118999958038332	3.572999954223633
454	-8.395000457763672	2.105999946594239	5.9629998207092285
455	-7.307000160217284	4.321000099182133	-6.005000114440917
456	-8.67899990081787	4.027999877929692	-3.217000007629394
457	-9.826000213623045	3.1259999275207546	0.27300000190734863
458	-9.63199996948242	1.60399997234345	3.7409999370574947
459	-8.937999725341797	0.0000000000000010945892754419751	5.350999832153319
460	-8.557999610900879	2.203000068664554	-5.863999843597411
461	-9.652000427246092	1.284999966621402	-3.005000114440918
462	-10.270000457763672	0.0000000000000012577123187842132	0.5569999814033508
463	-9.63199996948242	-1.603999972343443	3.7409999370574947
464	-8.395000457763672	-2.1059999465942396	5.9629998207092285
465	-6.256999969482424	-2.6770000457763663	8.057000160217285
466	-3.898000001907348	-2.5920000076293936	9.366000175476074
467	-0.7810000181198125	-2.2320001125335693	9.777000427246094
468	-8.970999717712402	0.00000000000000109863060894483	-5.644999980926514
469	-9.652000427246092	-1.2849999666213978	-3.005000114440918
470	-9.826000213623045	-3.1259999275207506	0.27300000190734863
471	-8.750000000000002	-4.118999958038326	3.572999954223633
472	-6.920000076293946	-4.699999809265135	6.125000000000001
473	-4.607999801635744	-4.7870001792907715	7.9710001945495605
474	-1.7339999675750748	-4.462999820709229	8.86299991607666
475	-8.557999610900879	-2.2030000686645494	-5.863999843597411
476	-8.678999900817871	-4.027999877929686	-3.217000007629394
477	-8.310999870300297	-5.302999973297118	0.14900000393390658
478	-7.348999977111816	-5.940999984741212	3.407000064849854
479	-5.131000041961672	-6.657000064849852	5.6570000648498535
480	-2.6700000762939458	-6.798999786376952	6.853000164031983
481	-7.307000160217287	-4.321000099182127	-6.005000114440917
482	-6.701000213623048	-6.169000148773193	-3.3010001182556152
483	-6.570000171661377	-6.888999938964843	0.05900000035762787
484	-5.328000068664553	-7.4860000610351545	3.138999938964844
485	-3.4379999637603778	-7.690999984741209	4.769999980926514
486	-4.910999774932862	-6.087999820709227	-6.4079999923706055
487	-4.269000053405764	-7.51200008392334	-3.414000034332276
488	-4.592999935150149	-7.742000102996826	-0.26499998569488525
489	-2.62400007247925	-8.347999572753906	2.723000049591064
490	-0.9139999747276321	-7.881999969482421	5.250999927520753
491	0.3249999880790698	-6.255000114440916	7.287000179290771
492	1.0959999561309808	-4.218999862670898	8.706999778747559
493	1.7799999713897696	-1.396999955177307	9.635000228881838
494	-2.805999994277955	-7.048999786376952	-6.43499994277954
495	-2.1300001144409193	-8.33899974822998	-0.7179999947547913
496	0.037000000476835604	-8.437999725341795	2.4470000267028804
497	1.7009999752044664	-7.322000026702881	5.413000106811525
498	3.079999923706053	-5.435999870300293	7.189000129699708
499	3.714999914169312	-2.780999898910524	8.685999870300295
500	0.4760000109672532	-7.190000057220459	-6.927999973297121
501	1.4589999914169296	-7.809000015258789	-4.059000015258789
502	0.970000028610228	-8.210000038146973	-1.0080000162124634
503	3.3889999389648433	-7.789999961853028	2.7739999294281
504	4.745999813079833	-6.3319997787475595	5.2829999923706055
505	5.8470001220703125	-4.367000102996828	6.783999919891357
506	2.542000055313109	-6.775000095367434	-9.057000160217285
507	2.759000062942503	-7.441999912261965	-5.997000217437745
508	4.123000144958493	-7.478000164031983	-3.8280000686645503
509	4.710999965667723	-7.304999828338624	-0.4070000052452088
510	6.224999904632567	-6.486999988555909	3.2379999160766606
511	6.873000144958494	-5.0910000801086435	4.982999801635743
512	5.1640000343322745	-6.984000205993654	-5.032999992370605
513	7.590000152587891	-4.272999763488771	-7.454999923706054
514	7.5900001525878915	4.272999763488768	-7.454999923706054
515	5.164000034332278	6.984000205993651	-5.032999992370605
516	-1.1427045170294464e-31	-6.220593659195134e-16	10.159000396728516
